{"cameraMode":{"drawMode":0,"name":"Shaded","section":"Shading Mode"},"sceneLighting":true,"audioPlay":false,"sceneViewState":{"m_AlwaysRefresh":false,"showFog":true,"showSkybox":true,"showFlares":true,"showImageEffects":true,"showParticleSystems":true,"showVisualEffectGraphs":true,"m_FxEnabled":true},"in2DMode":false,"pivot":{"x":-0.1980133056640625,"y":-0.2167295217514038,"z":0.20393073558807374},"rotation":{"x":0.1336498260498047,"y":-0.5692209601402283,"z":0.09447279572486878,"w":0.8058136105537415},"size":7.975652694702148,"orthographic":false}